{"test_cost": [38426.54959538269, 25180.98545351638, 17361.569145177935, 12767.195597891061, 10084.826743954038, 8600.778282598882, 7733.908107577215, 7245.931566651701, 6926.613695997354, 6805.24826748659, 6741.003610060733, 6716.937232992364, 6731.7316048371395, 6725.073534585172, 6707.792498321324, 6703.9611138696555, 6691.53418010219, 6728.611812734034, 6738.649260714117, 6688.912173764823, 6713.678331605444, 6731.981703638183, 6736.299777139844, 6734.647378203691, 6744.370160961117, 6725.403600062739, 6725.865611025358, 6711.689788639305, 6697.532422935125, 6708.503036964716], "test_accuracy": [9195, 9316, 9433, 9402, 9401, 9539, 9515, 9546, 9548, 9547, 9541, 9560, 9508, 9565, 9599, 9599, 9581, 9563, 9584, 9577, 9565, 9567, 9609, 9608, 9622, 9588, 9603, 9605, 9562, 9610], "training_cost": [38426.55308141741, 25180.971014678555, 17361.56387692539, 12767.18284734749, 10084.819925756741, 8600.76560496828, 7733.891647676158, 7245.917930192608, 6926.602947913045, 6805.23740323954, 6740.986865856475, 6716.927888690672, 6731.718393784617, 6725.060904678583, 6707.779060965673, 6703.946740205514, 6691.518400177131, 6728.591701507122, 6738.633100696896, 6688.8927604865985, 6713.666430691077, 6731.965492019906, 6736.279290661491, 6734.630067255053, 6744.351183893823, 6725.380718984254, 6725.848190258152, 6711.666368702249, 6697.500004336214, 6708.482727957193], "training_accuracy": [45809, 46782, 47461, 47411, 47313, 47906, 47810, 48099, 48067, 48184, 48169, 48011, 47888, 48187, 48401, 48362, 48251, 48215, 48392, 48322, 48248, 48212, 48472, 48529, 48528, 48297, 48486, 48434, 48316, 48381]}