{"test_cost": [0.11685660098754964, 0.13346480239203454, 0.11169167375143615, 0.12304917438219722, 0.0969070304845639, 0.12766366208528615, 0.1014186853966497, 0.07953272678387602, 0.07518376235764879, 0.08504417335127318, 0.06252433472475545, 0.057574764752789866, 0.09392084339432441, 0.08844718992947936, 0.09248020631982123, 0.10386613335650109, 0.1089546973576053, 0.05982520588522366, 0.0765755445601104, 0.09603419366228812, 0.08547302279575783, 0.07589606657130107, 0.07046712105763907, 0.06775737265133837, 0.09251672457303178, 0.09951327059679099, 0.08047586788962996, 0.11276958628531007, 0.06882256661181248, 0.10411925791863887], "test_accuracy": [9123, 9279, 9340, 9360, 9394, 9430, 9453, 9446, 9459, 9449, 9477, 9480, 9466, 9514, 9488, 9499, 9497, 9476, 9509, 9511, 9509, 9488, 9519, 9503, 9492, 9484, 9492, 9517, 9516, 9511], "training_cost": [0.11062476148822341, 0.12006852046180158, 0.09183153334847752, 0.09830623112894862, 0.0675850295969571, 0.09711663521807672, 0.07151282939662701, 0.04883581228052595, 0.03982448682780751, 0.050874700438975275, 0.03463713321121278, 0.029999817803680325, 0.05313204022036515, 0.05337579853289055, 0.05095085752639957, 0.05937631526595677, 0.06325868491279553, 0.02263672239329972, 0.030598782619558104, 0.04454564879940624, 0.036692158341899726, 0.03357779499808275, 0.026465765993409877, 0.02057303220213774, 0.04283241580449682, 0.04730570088837027, 0.030870548095009477, 0.052027841177795325, 0.017995417197208326, 0.04145029147297356], "training_accuracy": [45741, 46578, 46976, 47265, 47420, 47600, 47842, 47826, 48013, 48003, 48094, 48186, 48250, 48415, 48384, 48411, 48431, 48462, 48532, 48610, 48590, 48622, 48711, 48711, 48688, 48622, 48663, 48897, 48910, 48877]}