{"test_cost": [122225.79216077509, 76149.09412061692, 48458.629887586874, 31826.749550969966, 21930.465823694984, 16050.457894402432, 12559.024632746066, 10477.64995094923, 9226.515572431723, 8518.992897051054, 8074.563487752769, 7822.489941459218, 7646.558497226796, 7572.575263762429, 7482.121740778121, 7428.642010133385, 7445.305225368824, 7412.392726426314, 7388.563566286469, 7387.834379181265, 7388.668239008682, 7381.416732301819, 7359.58788160954, 7370.159414684843, 7370.943980778514, 7370.748033403532, 7360.430967924921, 7370.264571108262, 7353.764586371459, 7338.640659498755, 7331.528241814774, 7343.366803060696, 7351.412242201086, 7378.304975901844, 7307.568532723363, 7297.756556579283, 7314.071050943164, 7305.463499164022, 7314.498319729724, 7320.861823833286, 7330.199392047779, 7326.526502581416, 7327.882520353901, 7309.247497326527, 7339.4178420009375, 7286.001666325005, 7312.123689034161, 7325.278297689634, 7319.750457626158, 7290.906816616183, 7269.247870823804, 7282.275963106977, 7268.756918594285, 7311.915311753955, 7278.520331960647, 7302.664143134339, 7294.252096538314, 7294.010224752941, 7260.948027147983, 7280.467960651871], "test_accuracy": [9361, 9501, 9550, 9628, 9670, 9693, 9703, 9735, 9647, 9742, 9724, 9708, 9673, 9703, 9738, 9733, 9745, 9679, 9746, 9732, 9676, 9734, 9746, 9748, 9763, 9766, 9706, 9758, 9758, 9743, 9772, 9780, 9776, 9746, 9773, 9733, 9754, 9779, 9767, 9755, 9746, 9771, 9768, 9747, 9771, 9752, 9730, 9754, 9766, 9671, 9769, 9768, 9746, 9770, 9753, 9733, 9761, 9772, 9749, 9782], "training_cost": [122225.78002457309, 76149.08307041222, 48458.60383039822, 31826.730605226083, 21930.44249818551, 16050.441872966287, 12558.999356274298, 10477.628760077341, 9226.479125983702, 8518.9740814771, 8074.538356128842, 7822.4650994746335, 7646.543175700263, 7572.5537802584195, 7482.094682485466, 7428.620766124231, 7445.278951352567, 7412.372166162773, 7388.5310067295395, 7387.802860402012, 7388.6429847170775, 7381.396708625676, 7359.560464707826, 7370.126148617541, 7370.91431440227, 7370.713553221434, 7360.399282641372, 7370.234641859399, 7353.739023229189, 7338.607546101392, 7331.504348881411, 7343.342173654639, 7351.377071252468, 7378.276792678205, 7307.542861040558, 7297.727475634446, 7314.043273175624, 7305.437024526801, 7314.478604601907, 7320.829000799802, 7330.171920019455, 7326.501955341842, 7327.855504146268, 7309.21912480197, 7339.388083807921, 7285.973181329163, 7312.0964003329145, 7325.246921006604, 7319.721632819369, 7290.878418465983, 7269.217942385337, 7282.244130878889, 7268.741900934033, 7311.891515089557, 7278.496469053723, 7302.634130177114, 7294.227875817303, 7293.987135230314, 7260.90885737007, 7280.442928124404], "training_accuracy": [46855, 47676, 48171, 48432, 48832, 48963, 48996, 49168, 48934, 49187, 49151, 49137, 48932, 48984, 49272, 49212, 49293, 48958, 49249, 49344, 48917, 49259, 49356, 49291, 49331, 49363, 49108, 49379, 49435, 49278, 49452, 49379, 49447, 49285, 49410, 49240, 49362, 49409, 49357, 49438, 49387, 49473, 49451, 49446, 49424, 49397, 49264, 49409, 49433, 48972, 49398, 49456, 49277, 49420, 49359, 49315, 49324, 49403, 49433, 49433]}