{"test_cost": [122009.95673911786, 75978.33091105537, 48260.549080579534, 31664.529374399583, 21782.832617405686, 15914.277745726054, 12419.819054876625, 10321.12359879746, 9089.991244326526, 8366.369529834987, 7901.478407153616, 7635.417784138597, 7464.3146485174175, 7380.136721124718, 7303.161552072352, 7258.578511679421, 7271.174654806835, 7272.036637682059, 7242.302097530499, 7198.576526640974, 7199.032325225163, 7207.05764208225, 7178.022962314665, 7176.920678174411, 7179.061895056798, 7185.466321630595, 7172.703464395227, 7201.033580357475, 7177.104172950404, 7173.910168031128], "test_accuracy": [9385, 9564, 9628, 9670, 9676, 9721, 9706, 9720, 9726, 9766, 9733, 9649, 9738, 9759, 9751, 9744, 9781, 9737, 9761, 9757, 9714, 9697, 9754, 9773, 9757, 9772, 9774, 9769, 9765, 9761], "training_cost": [122009.95012996696, 75978.31139602089, 48260.52552808339, 31664.50586826571, 21782.803815270407, 15914.254562584756, 12419.78671577437, 10321.09274286877, 9089.961403063422, 8366.34065591287, 7901.462046733281, 7635.38216835544, 7464.294516103979, 7380.109407846655, 7303.1285662654955, 7258.549173024485, 7271.145073853869, 7272.008614614574, 7242.27623581088, 7198.538344152162, 7198.994417542356, 7207.026775102445, 7177.990586265854, 7176.886063120071, 7179.0309856948525, 7185.439201856137, 7172.676859040988, 7201.007967916857, 7177.067778738723, 7173.879613002408], "training_accuracy": [46917, 47993, 48559, 48703, 48920, 49057, 48994, 49092, 49061, 49274, 49110, 48775, 49272, 49331, 49356, 49217, 49433, 49323, 49288, 49367, 49146, 49116, 49375, 49443, 49416, 49401, 49445, 49409, 49436, 49359]}