{"test_cost": [178198.06767983412, 161297.9382242818, 146117.13756667796, 132431.27926041864, 120086.45136552595, 108940.26185366284, 98872.06871735642, 89786.97958355468, 81585.24097761347, 74174.48141360379, 67486.98334992437, 61449.68498231365, 56010.404701764404, 51097.2412383072, 46661.34509339544, 42660.60456832842, 39059.88470458875, 35806.99090573087, 32872.07501208748, 30230.238497901668, 27848.43356593783, 25702.51297877929, 23768.18998925029, 22028.901367632086, 20460.663655152082, 19045.41098238673, 17775.708414057182, 16631.190239175517, 15598.837235788298, 14669.81914981702, 13837.37470992213, 13087.023784800214, 12408.991752858728, 11801.673620806356, 11256.64918543266, 10764.127463407189, 10319.808210700983, 9919.757792997929, 9559.746258044914, 9235.108358171872, 8944.271255001771, 8681.998091936948, 8448.01567295449, 8232.697139845253, 8041.912925858409, 7869.277614215751, 7709.879509842126, 7566.991904789921, 7442.57848034305, 7326.424282036457, 7221.432726049688, 7128.888724095135, 7043.5215647365285, 6968.005879424997, 6902.954038501028, 6840.240372867423, 6783.565198746574, 6734.315023684783, 6689.550777003332, 6645.700399870462], "test_accuracy": [9012, 9245, 9357, 9405, 9455, 9488, 9524, 9545, 9560, 9582, 9605, 9637, 9647, 9649, 9673, 9680, 9702, 9694, 9709, 9736, 9735, 9731, 9745, 9736, 9756, 9756, 9749, 9752, 9763, 9764, 9769, 9762, 9751, 9779, 9773, 9779, 9777, 9768, 9770, 9779, 9783, 9781, 9783, 9780, 9772, 9780, 9778, 9789, 9795, 9775, 9794, 9795, 9761, 9780, 9779, 9795, 9792, 9792, 9781, 9779], "training_cost": [178198.07555789093, 161297.9339925186, 146117.12844739048, 132431.26630270586, 120086.4361792553, 108940.24627862254, 98872.04802979944, 89786.95962525606, 81585.21932152138, 74174.4558730934, 67486.95709419512, 61449.659776673354, 56010.37725525655, 51097.213854448964, 46661.31258884802, 42660.57208038801, 39059.854905172826, 35806.95959686428, 32872.044021524656, 30230.206897486198, 27848.403252764794, 25702.479704075235, 23768.159565506805, 22028.866647416293, 20460.63541619886, 19045.383439228222, 17775.67879951762, 16631.1580583043, 15598.802680489478, 14669.78618876299, 13837.343499259396, 13086.988508781476, 12408.9550177776, 11801.640111626853, 11256.618497200627, 10764.096988523943, 10319.777899960789, 9919.72515747455, 9559.714490200655, 9235.076999962748, 8944.238441314104, 8681.967351614676, 8447.988293903121, 8232.66682715242, 8041.8819509231325, 7869.244668971695, 7709.84741432298, 7566.956898651277, 7442.547939493026, 7326.392762929071, 7221.401507826926, 7128.859987199604, 7043.492504050859, 6967.9727454028725, 6902.919124500948, 6840.2132032544105, 6783.537814087173, 6734.287668609572, 6689.521527895447, 6645.672521118269], "training_accuracy": [44653, 45993, 46737, 47041, 47427, 47671, 47945, 48070, 48231, 48300, 48545, 48670, 48720, 48818, 48908, 48979, 49011, 49107, 49162, 49226, 49262, 49295, 49335, 49316, 49367, 49422, 49399, 49424, 49446, 49456, 49470, 49481, 49442, 49524, 49504, 49547, 49547, 49544, 49554, 49563, 49576, 49597, 49602, 49588, 49546, 49597, 49620, 49600, 49635, 49582, 49625, 49661, 49573, 49620, 49620, 49644, 49687, 49640, 49627, 49614]}